obs_id,a_i,b_i,p_hat,me_i,se_i,el_i,dstar_i
0,-1.221972680046648,-0.023941364615360422,0.16742431616096426,-0.0033372685619794,-0.019932998016673396,-0.31793131836594063,-51.04022680739963
1,-2.6976783655035037,-0.1550845097530587,0.007578614730572027,-0.0011664184090551582,-0.15390918400296064,-2.159345851561538,-17.39489243509246
2,-2.6976783655035037,-0.1550845097530587,0.4504228528240883,-0.03838994622636426,-0.08523090244126086,1.4276176158911194,-17.39489243509246
3,-0.6537050900172531,-0.20929211872718773,0.04355419377893222,-0.008718529086321068,-0.20017656923174051,-2.3280535001651423,-3.123409968768856
4,0.07696624521791429,-0.45325514543093137,6.389263001926667e-05,-2.8957813002293977e-05,-0.45322618576762,-9.785153350722917,0.16980776940709363
5,1.485765101484801,-0.29959203295483927,0.3232956847143379,-0.06554342225887838,-0.20273522152574402,-1.4982132870752483,4.9592944339369875
6,0.21678841374779245,-0.8237608609271356,0.9930443486147248,-0.0056899389282279965,-0.005729793373443329,0.033175503632236876,0.2631691113654016
7,0.010059416027945356,-0.4307351780925376,0.9999999999626505,-1.608772495191988e-11,-1.608772495252075e-11,8.959254026058804e-10,0.023354061937760347
8,-1.4145794250224253,-0.907319892496054,4.139180961471505e-16,-3.755561224984038e-16,-0.9073198924960536,-34.060788764301854,-1.5590746292698276
9,0.6663384421262407,-0.03056486002070949,0.7796518033234642,-0.005250886120141507,-0.006734911787234081,0.13698810575234122,21.800801367150292
10,-0.07058042382425067,-0.48348038637243074,0.9900506830657106,-0.0047624404003071535,-0.0048102995955319845,0.046708009072615575,-0.14598404777868637
11,-0.07058042382425067,-0.48348038637243074,1.2844122081570007e-18,-6.209881106612136e-19,-0.48348038637243074,-41.371416661888894,-0.14598404777868637
12,-1.4145794250224253,-0.907319892496054,4.477721986014364e-09,-4.062726212786011e-09,-0.9073198884333278,-17.828835807714892,-1.5590746292698276
13,0.6663384421262407,-0.03056486002070949,0.5459741919172593,-0.007576612312495754,-0.013877235269838481,-0.20704835022599016,21.800801367150292
14,-1.066310526733286,-0.07152547818414037,0.025710848117745298,-0.001791698952514469,-0.06968649747799883,-2.5965188960302363,-14.908121606514799
15,-0.573065250165057,-0.15654691044729457,0.40522186821186607,-0.03773048326772421,-0.09311067893304618,0.11545724187697727,-3.66066151371281
16,-0.5061584209750881,-0.1790668777856884,0.022788686487345788,-0.00398770516937572,-0.17498617884756248,-3.165499975352405,-2.826644587955964
17,-2.6976783655035037,-0.1550845097530587,0.49887129385133006,-0.03877092986407779,-0.0777172997162511,1.4012429138840075,-17.39489243509246
18,1.249463108319243,-0.30475312766595253,0.06974429488213123,-0.019772391521127156,-0.2834983356637666,-3.586253946146647,4.099918901205865
19,0.010059416027945356,-0.4307351780925376,0.0004876839785681616,-0.00020996020117479595,-0.43052511544717614,-7.624599794569491,0.023354061937760347
20,0.21678841374779245,-0.8237608609271356,1.7879724425343454e-14,-1.4728617185760597e-14,-0.8237608609271209,-31.953683795363016,0.2631691113654016
21,-1.2589172717090633,-0.9549040060648339,0.07378487743313548,-0.06525877888724604,-0.8844465310169302,-1.176313886252517,-1.31837049977104
22,0.9695472644817676,-0.0479237326479901,0.5755786167913661,-0.011707186699649652,-0.020339856898980727,-0.275401662412199,20.231046517250572
23,-2.461376372337946,-0.1499234150419455,1.4357378943105392e-12,-2.1525072821985883e-13,-0.14992341504173026,-24.83031599921137,-16.417558068893396
24,1.5526719306747698,-0.3221120002932331,9.442851170389123e-13,-3.041655678962466e-13,-0.32211200029292897,-29.45392130678542,4.820285892054013
25,-2.6976783655035037,-0.1550845097530587,0.0315984880868577,-0.004745589664250968,-0.1501840737191705,-0.6713228095246921,-17.39489243509246
26,-2.461376372337946,-0.1499234150419455,0.0006262362797259222,-9.38286859324334e-05,-0.14982952756026582,-4.885940893740269,-16.417558068893396
27,-2.5420162121901417,-0.20266862332183866,0.0001832405701029082,-3.713030905350938e-05,-0.2026314862077592,-6.135681402370949,-12.54272205793498
28,-1.1782774318568672,-0.9021587977849408,8.75786019621738e-12,-7.900980625718862e-12,-0.9021587977770398,-24.250028484246826,-1.306064336733042
29,0.010059416027945356,-0.4307351780925376,0.9999285213957891,-3.0786148606336566e-05,-3.078834931457153e-05,0.0006813461703314679,0.023354061937760347
30,-0.07058042382425067,-0.48348038637243074,0.9475460115578618,-0.02403021655728846,-0.025360474598780002,0.15622052352848484,-0.14598404777868637
31,-1.1113706026668984,-0.9246787651233347,1.0495984844687515e-07,-9.705413286260073e-08,-0.9246786680691916,-14.979794422720902,-1.2018991292815755
32,-2.3944695431479768,-0.17244338238033932,0.025908764980216062,-0.004352040014128394,-0.16797558731385356,-1.1892671581820833,-13.885540344289698
33,-0.6537050900172531,-0.20929211872718773,0.02354145262240397,-0.004811050806823757,-0.2043650782299291,-2.99803569763306,-3.123409968768856
34,0.3643350827899574,-0.7935356199856364,0.9999901771690439,-7.79468968607135e-06,-7.794766252742592e-06,0.00011006209948872542,0.4591288325488806
35,-1.1782774318568672,-0.9021587977849408,0.9999999834914524,-1.4893331246224154e-08,-1.4893331492091427e-08,3.151428943726546e-07,-1.306064336733042
36,0.9695472644817676,-0.0479237326479901,0.6164638638553017,-0.011330903723478452,-0.018380483249441654,-0.18417244215940534,20.231046517250572
37,0.06112626043443048,-0.7761767473583557,6.913230997859574e-05,-5.365518193343599e-05,-0.7761230884668592,-9.639448758758391,0.07875301681281736
38,0.6663384421262407,-0.03056486002070949,0.5530205761986304,-0.007555291636123776,-0.013661863520626243,-0.19112947065356115,21.800801367150292
39,-1.2589172717090633,-0.9549040060648339,1.6641397493031375e-10,-1.589093712996847e-10,-0.9549040059059245,-21.303908371761175,-1.31837049977104
40,-0.6537050900172531,-0.20929211872718773,0.00011673983230866248,-2.442987457130199e-05,-0.20926768600034398,-8.402097592913812,-3.123409968768856
41,-0.573065250165057,-0.15654691044729457,0.08277125571349028,-0.011885068827647676,-0.14358932609150468,-1.6412259972258985,-3.66066151371281
42,-2.5420162121901417,-0.20266862332183866,0.03170551127504496,-0.00622198182735847,-0.19624291100001026,-0.8340323717500436,-12.54272205793498
43,0.21678841374779245,-0.8237608609271356,2.8017885645256054e-19,-2.3080037600494164e-19,-0.8237608609271356,-43.049742592052105,0.2631691113654016
44,-2.3944695431479768,-0.17244338238033932,0.001588162355998347,-0.0002734331414489179,-0.17216951429190183,-4.078695793575155,-13.885540344289698
45,-1.221972680046648,-0.023941364615360422,0.21850333485685008,-0.004088218503878695,-0.01871009660588038,0.0005613028981764115,-51.04022680739963
46,-2.3944695431479768,-0.17244338238033932,0.0018558073159010617,-0.00031942779200549515,-0.17212336068973916,-3.9192489229053606,-13.885540344289698
47,-0.22624257713761264,-0.4358962728036508,8.598051793050155e-07,-3.747855507534962e-07,-0.4358958980177778,-13.809182049203201,-0.5190284736376342
48,0.6663384421262407,-0.03056486002070949,0.5070793699804241,-0.007639683171437373,-0.015066050057868268,-0.3016223221585227,21.800801367150292
49,0.6663384421262407,-0.03056486002070949,0.5907688065488778,-0.007389391849617289,-0.012508094143941438,-0.11194744258827585,21.800801367150292
50,-2.6976783655035037,-0.1550845097530587,0.00845990430949649,-0.0013009007169911325,-0.15377250964066266,-2.045174378220813,-17.39489243509246
51,1.5526719306747698,-0.3221120002932331,0.7779068954788784,-0.05565056793687905,-0.07153885414863258,-0.06581574581674197,4.820285892054013
52,-0.6537050900172531,-0.20929211872718773,0.07783777664024559,-0.015022790954919941,-0.19300128553713713,-1.6752511584623504,-3.123409968768856
53,0.8220005954396027,-0.07814897358948944,0.6487417494692913,-0.017808267062839642,-0.027450471743814618,-0.06999870294672728,10.518379931098119
54,-1.2589172717090633,-0.9549040060648339,2.651329343714334e-07,-2.531764340455778e-07,-0.9549037528883327,-13.912947679583008,-1.31837049977104
55,-1.2589172717090633,-0.9549040060648339,0.011280244242919563,-0.01065004469737551,-0.9441324556478803,-3.1817263755333567,-1.31837049977104
56,1.249463108319243,-0.30475312766595253,0.04356201452653314,-0.01269734567302451,-0.2914774674915619,-4.168127785129335,4.099918901205865
57,0.21678841374779245,-0.8237608609271356,0.1187907906149633,-0.08623090690452122,-0.7259056569799384,-1.952686217276034,0.2631691113654016
58,0.010059416027945356,-0.4307351780925376,0.0003831425807067087,-0.00016496975657071588,-0.43057014510480207,-7.866516551064733,0.023354061937760347
59,-1.066310526733286,-0.07152547818414037,0.026505241866884143,-0.001845551458762176,-0.06962967808522519,-2.5623721535362867,-14.908121606514799
60,-0.07058042382425067,-0.48348038637243074,1.0666088666860224e-06,-5.156839169399937e-07,-0.4834798706879638,-13.764671918486329,-0.14598404777868637
61,0.6663384421262407,-0.03056486002070949,0.632115060678404,-0.007107724040757843,-0.011244351674091787,-0.03665658645753923,21.800801367150292
62,-0.809367243330615,-0.16170800515840777,0.017030627162358515,-0.002707086589495796,-0.1589540164133862,-3.169543087282921,-5.005115501472953
63,0.2974282535999885,-0.7710156526472425,0.0008458968047636474,-0.0006516479833742209,-0.7703634529702454,-7.341563706806438,0.3857616282870314
64,1.4051252616326049,-0.3523372412347324,7.063125119905115e-05,-2.488426246168751e-05,-0.35231235521453996,-11.052038583080119,3.988012327928994
65,0.9026404352917987,-0.025403765309596288,0.5162274605545394,-0.006344251741786656,-0.012289644055299894,-0.3573828491281209,35.53175776469742
66,1.4051252616326049,-0.3523372412347324,0.9730148741341792,-0.00925129387353989,-0.009507864801935322,0.05942415501209576,3.988012327928994
67,0.21678841374779245,-0.8237608609271356,2.6160868989295044e-15,-2.155029996122363e-15,-0.8237608609271334,-33.881284209933,0.2631691113654016
68,0.21678841374779245,-0.8237608609271356,6.384250547881831e-05,-5.2587599738498647e-05,-0.8237082699698586,-9.892736322338003,0.2631691113654016
69,0.8220005954396027,-0.07814897358948944,0.46858501619007076,-0.019460118080950273,-0.04152953553482112,-0.5000156078392463,10.518379931098119
70,1.485765101484801,-0.29959203295483927,0.05925707538672982,-0.01670095992293555,-0.2818390852727707,-3.9880230566097055,4.9592944339369875
71,0.07696624521791429,-0.45325514543093137,0.02057913980650475,-0.009135647000682288,-0.4439275444250906,-3.8799267382752918,0.16980776940709363
72,-1.1782774318568672,-0.9021587977849408,2.989555942613439e-15,-2.6970541950989574e-15,-0.9021587977849381,-32.225112256877985,-1.306064336733042
73,-1.221972680046648,-0.023941364615360422,0.15815047694579287,-0.003187527035280315,-0.020155026382708042,-0.38798425786712976,-51.04022680739963
74,-1.2589172717090633,-0.9549040060648339,1.0974283260323914e-09,-1.0479387037473176e-09,-0.9549040050168952,-19.413198421993478,-1.31837049977104
75,0.3643350827899574,-0.7935356199856364,0.03455877631713189,-0.026475893241693475,-0.7661119999948762,-3.562420799976174,0.4591288325488806
76,0.6663384421262407,-0.03056486002070949,0.6330398667256173,-0.007100229021136402,-0.011216085106712405,-0.03510634638400983,21.800801367150292
77,-1.221972680046648,-0.023941364615360422,0.164682507385476,-0.003293426288234882,-0.019998640660272956,-0.33817701356521573,-51.04022680739963
78,-1.1113706026668984,-0.9246787651233347,2.2580677924166133e-07,-2.0879868663748725e-07,-0.9246785563246008,-14.212309410709114,-1.2018991292815755
79,-0.5061584209750881,-0.1790668777856884,0.048542259922159395,-0.008270366508680625,-0.17037456686076594,-2.3392428029983163,-2.826644587955964
80,-0.07058042382425067,-0.48348038637243074,0.0020844789332800386,-0.0010057039324230055,-0.48247258169238333,-6.127401787493268,-0.14598404777868637
81,-1.066310526733286,-0.07152547818414037,0.1484035597502563,-0.009039385870529744,-0.06091084260877464,-0.5768256795050959,-14.908121606514799
82,-0.809367243330615,-0.16170800515840777,0.01626222941067573,-0.0025869673613396647,-0.15907827248097903,-3.2181534522902058,-5.005115501472953
83,0.3643350827899574,-0.7935356199856364,0.2763459198983595,-0.15869034266601287,-0.5742452891085906,-0.9532471799202603,0.4591288325488806
84,0.21678841374779245,-0.8237608609271356,3.355372898849732e-07,-2.764023940454621e-07,-0.8237605845246488,-15.157194755253537,0.2631691113654016
85,0.6663384421262407,-0.03056486002070949,0.5425578497235306,-0.00758585683013723,-0.013981655290772641,-0.2148980418191755,21.800801367150292
86,-1.221972680046648,-0.023941364615360422,0.2922249803410769,-0.004951781459234194,-0.01694509981129817,0.3207707394278743,-51.04022680739963
87,0.2974282535999885,-0.7710156526472425,0.0021658612263703502,-0.0016662961073766205,-0.7693457397402492,-6.393263097241472,0.3857616282870314
88,-0.809367243330615,-0.16170800515840777,0.10942418198051243,-0.015758530869121195,-0.14401323897424853,-1.1290637935581083,-5.005115501472953
89,-0.07058042382425067,-0.48348038637243074,0.0002868567362343169,-0.0001386498216204704,-0.48334169676676264,-8.134640756584615,-0.14598404777868637
90,-1.1113706026668984,-0.9246787651233347,0.0007260173699693988,-0.0006708454458148057,-0.9240074322782134,-6.1169292016817725,-1.2018991292815755
91,0.9695472644817676,-0.0479237326479901,0.7115116235741579,-0.009836961135719085,-0.013825439823884789,-0.015899255797467506,20.231046517250572
92,1.249463108319243,-0.30475312766595253,0.9989843220856394,-0.00030921663728069167,-0.0003095310211026351,0.005800611335463382,4.099918901205865
93,-0.98567068688109,-0.01878026990424722,0.29414974737473787,-0.003899266187270602,-0.013256058256283508,0.11161601051790715,-52.48437279690945
94,-0.809367243330615,-0.16170800515840777,0.2510748501295377,-0.03040697008063606,-0.12110719199851404,-0.198615794877563,-5.005115501472953
95,1.4051252616326049,-0.3523372412347324,0.9983077913323753,-0.0005952191911289062,-0.0005962281335443717,0.008496250903007296,3.988012327928994
96,0.2974282535999885,-0.7710156526472425,0.0013433625759285887,-0.0010343621806333117,-0.769979899074021,-6.875920498731007,0.3857616282870314
97,0.8220005954396027,-0.07814897358948944,0.251999080955915,-0.014730733301771838,-0.05845550406729003,-1.425729744201204,10.518379931098119
98,0.010059416027945356,-0.4307351780925376,0.10953394519651807,-0.042012298341481846,-0.38355505470113715,-1.871748666941549,0.023354061937760347
99,0.3643350827899574,-0.7935356199856364,1.667208804262078e-05,-1.3229675151369936e-05,-0.7935223900899151,-11.379111073889382,0.4591288325488806
100,-0.7606004625084593,-0.19844884193057571,4.3660427634644553e-08,-8.664360923999198e-09,-0.19844883326621443,-16.796709247652387,-3.832728148519726
101,-1.3457375699200766,-0.06068220138752836,0.13067004246227673,-0.006893217875445575,-0.0527528555555156,-0.4663352431107579,-22.17680867122691
102,-0.7606004625084593,-0.19844884193057571,0.137877941017072,-0.023589140420326345,-0.17108712420796557,-0.9272922132071733,-3.832728148519726
103,-1.2072116167207978,-0.07804107401480898,0.1577046121009607,-0.010366497679235274,-0.06573363670936117,-0.37270972014207776,-15.468926228407861
104,-1.2072116167207978,-0.07804107401480898,0.10619663259707153,-0.007407573510750439,-0.06975337475017744,-0.8677319818922072,-15.468926228407861
105,-2.99708197959829,-0.2394094600940066,0.01707107147523209,-0.0040172069456106945,-0.23532248408889508,-1.0236528057866936,-12.518644745372447
106,-0.14673331913139864,-0.4674760148647055,0.10619816137350102,-0.044372875638900834,-0.41783092159986235,-1.784138035231412,-0.31388416617238735
107,-0.7606004625084593,-0.19844884193057571,0.04350976343864805,-0.008258778760763705,-0.18981437976350268,-2.279670700959667,-3.832728148519726
108,-0.7933742334346786,-0.24603295549935567,0.620467622072263,-0.05793769840980385,-0.09337747264925955,0.5107747753914498,-3.2246665160137717
109,0.23071310793332248,-0.8302764567578043,4.018999391902051e-06,-3.3368671638992036e-06,-0.8302731198772294,-12.761297852513016,0.27787504517982814
110,-1.4298755045841685,-0.9388996345571088,3.2029696658807803e-12,-3.007267048783337e-12,-0.9388996345541015,-25.200066191432082,-1.5229268943731769
111,-2.8257822554727925,-0.20918421915250726,0.012410157466770886,-0.002563792217539311,-0.20658821005326114,-1.551477457499991,-13.508582372614999
112,-0.10471534536590235,-0.48999598220309937,6.951943596628285e-05,-3.406187618145329e-05,-0.48996191795879085,-9.657149402967766,-0.21370653876606419
113,-1.378511340846296,-0.10826631495630831,0.0673587815908732,-0.0068014605477175576,-0.10097362789351766,-1.2086543258854063,-12.732596850669616
114,-0.6640924830746768,-0.1932877472194625,0.1714784819247414,-0.027461088434033287,-0.1601430577516159,-0.754273802010111,-3.435771240691495
115,1.4718373196205956,-0.33633286972700727,0.0723715084138701,-0.022579328223786756,-0.31199195261569806,-3.7751026266499466,4.376132849623791
116,0.18869513416782618,-0.8077564894194105,3.3375571063125016e-09,-2.695933402433961e-09,-0.807756486723477,-19.83042174906136,0.23360398417034595
117,1.342555569260594,-0.3890780780069004,0.04246141457922215,-0.015819308799280233,-0.3725572724329625,-4.351468942017002,3.4506070764459347
118,0.23071310793332248,-0.8302764567578043,0.9999169238278173,-6.897045960304942e-05,-6.897618988087648e-05,0.0007739128504634341,0.27787504517982814
119,-0.14673331913139864,-0.4674760148647055,0.024934993170349744,-0.011365856209845265,-0.4558195036267518,-3.4687864225995813,-0.31388416617238735
120,-1.387857530818672,-0.9614196018955026,2.939887243391773e-12,-2.8264652231510755e-12,-0.9614196018926762,-25.4007058820045,-1.4435502751165243
121,-0.6640924830746768,-0.1932877472194625,0.14680840283141777,-0.02421039124623114,-0.1649114817632904,-0.9383463312331225,-3.435771240691495
122,0.23071310793332248,-0.8302764567578043,0.002642426275255333,-0.002188146988931727,-0.8280825124327416,-6.177495542748251,0.27787504517982814
123,-1.4298755045841685,-0.9388996345571088,0.12776830429507105,-0.1046343221824328,-0.8189380203464851,-0.40946901017324255,-1.5229268943731769
124,-2.964308208672071,-0.19182534652522665,0.012776714094171308,-0.0024195831905493947,-0.18937444891665847,-1.3597085432216078,-15.453162276874812
125,-2.8678002292382887,-0.18666425181411345,0.009312664141521867,-0.0017221528939660594,-0.18492591032974015,-1.791932071095182,-15.36341426581315
126,-2.964308208672071,-0.19182534652522665,3.5215072296836006e-05,-6.7549055633866395e-06,-0.1918185913817804,-7.643970866563949,-15.453162276874812
127,-1.387857530818672,-0.9614196018955026,0.00044188108161415194,-0.00042464540784606435,-0.9609947687619319,-6.381005264579228,-1.4435502751165243
128,-0.6640924830746768,-0.1932877472194625,0.7745962588999931,-0.0337474404283861,-0.04356778133205932,0.4443913695870049,-3.435771240691495
129,-1.3457375699200766,-0.06068220138752836,0.11878624115190642,-0.00635197436413375,-0.05347399077988087,-0.5903528582098848,-22.17680867122691
130,-1.5591572549441701,-0.9916448428370019,8.956006657792593e-07,-8.881169860625116e-07,-0.9916439547192205,-12.474880950367794,-1.5722940185758127
131,-1.2492295904862938,-0.05552110667641516,0.42860986642902493,-0.013597310507841251,-0.031724212559845213,0.7118913298429266,-22.500084477187748
132,-1.5263834840179509,-0.9440607292682219,2.501682754922295e-06,-2.3617345376843306e-06,-0.9440583675277759,-11.451427998111923,-1.6168276432821327
133,0.23071310793332248,-0.8302764567578043,1.6183044576144956e-13,-1.343640091023306e-13,-0.8302764567576698,-29.989585618087034,0.27787504517982814
134,-0.14673331913139864,-0.4674760148647055,0.34418233379090946,-0.10551908571917527,-0.3065790290772973,-0.3188421902403892,-0.31388416617238735
135,-2.964308208672071,-0.19182534652522665,1.2153304850918395e-06,-2.331309081139699e-07,-0.19182511339403518,-11.216014380149238,-15.453162276874812
136,0.059413383807824446,-0.8605016976993036,0.11817220831080352,-0.08967076292643707,-0.7588143118269814,-1.8059780621482158,0.069045051237756
137,-1.2492295904862938,-0.05552110667641516,0.0743669060920889,-0.003821876959140616,-0.05139217375008135,-1.2806929698520273,-22.500084477187748
138,-1.3457375699200766,-0.06068220138752836,0.048321109789433526,-0.002790542644186438,-0.05774997007201709,-1.7763890794152457,-22.17680867122691
139,1.513855293386092,-0.35885283706540105,0.2408109152472696,-0.06560584110830403,-0.2724371569326025,-2.051451791702497,4.218596418983282
140,-1.5591572549441701,-0.9916448428370019,0.4760410444585791,-0.2473419752824368,-0.519581196120912,0.7845676061425771,-1.5722940185758127
141,0.18869513416782618,-0.8077564894194105,2.339197698643354e-10,-1.889502120672128e-10,-0.8077564892304603,-22.51217335485293,0.23360398417034595
142,-0.6220745093091805,-0.21580771455785633,0.0886026646882214,-0.01742695474091745,-0.19668657598775519,-1.5990618627804498,-2.882540647741336
143,0.18869513416782618,-0.8077564894194105,4.792217825441585e-06,-3.870926496799959e-06,-0.8077526184743633,-12.495933007798401,0.23360398417034595
144,0.23071310793332248,-0.8302764567578043,0.06902803736186937,-0.05335619494537644,-0.772964102480046,-2.628077948432156,0.27787504517982814
145,0.8579701762435352,-0.06730569679287743,0.6525718416332722,-0.015259670957688707,-0.023383894284338784,-0.06383803139624487,12.747363404970042
146,-2.964308208672071,-0.19182534652522665,0.0015359125374712526,-0.000294174433499212,-0.1915307195704938,-3.6314224430565627,-15.453162276874812
147,-2.99708197959829,-0.2394094600940066,0.001858278402459693,-0.0004440627006197657,-0.23896457066496937,-3.378959029202667,-12.518644745372447
148,-1.2072116167207978,-0.07804107401480898,0.2518152433186601,-0.014703275993078713,-0.05838914197292029,0.17867077443713608,-15.468926228407861
149,-2.8257822554727925,-0.20918421915250726,0.11722258216363393,-0.021646685979178987,-0.1846631048355669,0.8069777681314272,-13.508582372614999
150,0.9544781556773176,-0.06214460208176423,0.5708154763914632,-0.015224505800151944,-0.026671501439304062,-0.28885236058766295,15.358987324780065
151,0.8579701762435352,-0.06730569679287743,0.5198490499745106,-0.016799906777746502,-0.03231689425722763,-0.3874795621441593,12.747363404970042
152,-0.6220745093091805,-0.21580771455785633,0.7186207316800322,-0.043637393673660256,-0.06072381682009409,0.4584648169917103,-2.882540647741336
153,-1.5591572549441701,-0.9916448428370019,5.472534503968711e-05,-5.426513634024582e-05,-0.9915905747308208,-8.319444921991586,-1.5722940185758127
154,-0.14673331913139864,-0.4674760148647055,0.060288091230537834,-0.026484123090994606,-0.43929277823245394,-2.4644324858840663,-0.31388416617238735
155,0.8579701762435352,-0.06730569679287743,0.5494449477759876,-0.016661875038167465,-0.03032492173348843,-0.3029459681175494,12.747363404970042
156,-0.14673331913139864,-0.4674760148647055,0.00018474973911068363,-8.63501156775258e-05,-0.4673896487929188,-8.5672522623742,-0.31388416617238735
157,0.18869513416782618,-0.8077564894194105,0.004171186986760219,-0.0033552493628196244,-0.8043871860622731,-5.638754174296534,0.23360398417034595
158,-1.387857530818672,-0.9614196018955026,1.5947925429863232e-05,-1.5332403593909447e-05,-0.9614042692473846,-9.739025247476008,-1.4435502751165243
159,0.23071310793332248,-0.8302764567578043,7.316106957983495e-06,-6.074346921438742e-06,-0.8302703823664419,-12.15515839784471,0.27787504517982814
160,1.4718373196205956,-0.33633286972700727,0.08968345520739925,-0.02745832750672073,-0.30616937587006915,-3.4872691911600877,4.376132849623791
161,-1.378511340846296,-0.10826631495630831,0.027026947294973236,-0.0028470242217701193,-0.1053402069681632,-2.300630120184684,-12.732596850669616
162,-1.4298755045841685,-0.9388996345571088,0.9946579831571243,-0.004988824147548379,-0.005015617661573932,0.035961978633485096,-1.5229268943731769
163,0.059413383807824446,-0.8605016976993036,0.9913467611115773,-0.00738169364048882,-0.007446126754085396,0.0414004647527148,0.069045051237756
164,-0.27601506949140037,-0.5202212231445986,0.0024689379188255604,-0.00128122281518722,-0.5189368292405991,-5.817281855787116,-0.5305724895708077
165,0.9964961294428141,-0.08466456942015804,0.724715370574301,-0.016890835781633206,-0.02330685461831457,0.0037290967389303313,11.7699308727076
166,0.9544781556773176,-0.06214460208176423,0.4673244644401307,-0.015469799311458424,-0.03310290919605873,-0.5994936855406237,15.358987324780065
167,-1.378511340846296,-0.10826631495630831,0.07944928681736002,-0.007918284048252804,-0.09966463344668594,-1.0096027368149287,-12.732596850669616
168,-1.387857530818672,-0.9614196018955026,0.08080551524342179,-0.0714103869192855,-0.883731595599211,-0.9544301232471479,-1.4435502751165243
169,0.09218715473404371,-0.8129175841305236,1.2809379464499455e-10,-1.0412969807158201e-10,-0.8129175840263939,-23.086859386349587,0.11340283016838022
170,0.059413383807824446,-0.8605016976993036,0.9999968683977237,-2.6947406363704073e-06,-2.6947490752527458e-06,4.012481373051338e-05,0.069045051237756
171,0.059413383807824446,-0.8605016976993036,3.8236805751112654e-10,-3.2902836250849943e-10,-0.8605016973702753,-21.960003316889424,0.069045051237756
172,-0.7933742334346786,-0.24603295549935567,4.4737065757360215e-06,-1.1006743267492332e-06,-0.24603185482010478,-11.890719543455665,-3.2246665160137717
173,0.059413383807824446,-0.8605016976993036,1.2126677062200488e-05,-1.0434899657281866e-05,-0.8604912626731042,-11.470348531432478,0.069045051237756
174,-1.5591572549441701,-0.9916448428370019,3.3233466350077576e-07,-3.295578456329826e-07,-0.9916445132790468,-13.476448935462246,-1.5722940185758127
175,-0.7606004625084593,-0.19844884193057571,0.02511590453408062,-0.0048590389206582835,-0.19346461976174853,-2.9000346502286103,-3.832728148519726
176,0.23071310793332248,-0.8302764567578043,0.003112260390132668,-0.002575994334690444,-0.8276924202285773,-6.009046970859471,0.27787504517982814
177,0.18869513416782618,-0.8077564894194105,1.85177789834405e-13,-1.495785614350567e-13,-0.8077564894192609,-29.717361245734608,0.23360398417034595
178,0.059413383807824446,-0.8605016976993036,0.0035089490461239453,-0.003008861491933868,-0.8574822410879736,-5.710831725645904,0.069045051237756
179,-0.7933742334346786,-0.24603295549935567,0.03528896208227741,-0.008375860129934937,-0.23735070786174825,-2.4898089254697395,-3.2246665160137717
180,1.4718373196205956,-0.33633286972700727,2.6912891338001816e-05,-9.051446369212509e-06,-0.3363238180370309,-12.228734023826442,4.376132849623791
181,-1.4298755045841685,-0.9388996345571088,0.9861693935663304,-0.012805953276557673,-0.012985551326275607,0.07973128514333222,-1.5229268943731769
182,1.513855293386092,-0.35885283706540105,0.1060880837349745,-0.03403123543679583,-0.3207828272382736,-3.3201022619161322,4.218596418983282
183,1.4718373196205956,-0.33633286972700727,0.2955999483066963,-0.07003143828013213,-0.23691289082186112,-1.6536519779365906,4.376132849623791
184,-2.8257822554727925,-0.20918421915250726,0.0017549971321583495,-0.00036647341418651134,-0.20881710144780183,-3.637593907220708,-13.508582372614999
185,-0.14673331913139864,-0.4674760148647055,4.3801441193303994e-05,-2.0475226290671412e-05,-0.4674555387415311,-10.031595861393258,-0.31388416617238735
186,-2.964308208672071,-0.19182534652522665,0.002168030181103013,-0.00041498149356624005,-0.1914094633844594,-3.2635313507050334,-15.453162276874812
187,1.342555569260594,-0.3890780780069004,0.7596772310845158,-0.07103310369521688,-0.09350432103093306,-0.037401728412373235,3.4506070764459347
188,0.9964961294428141,-0.08466456942015804,0.4688889669603976,-0.02108419582505515,-0.04496628692659327,-0.6295280169723058,11.7699308727076
189,-0.14673331913139864,-0.4674760148647055,6.465847906902598e-06,-3.022609268381945e-06,-0.4674729922358933,-11.976658061083587,-0.31388416617238735
190,-2.8257822554727925,-0.20918421915250726,0.0034267074135631483,-0.0007143568057564776,-0.20846740603793695,-2.9268823807726343,-13.508582372614999
191,-0.14673331913139864,-0.4674760148647055,1.8620892561514466e-05,-8.704658556350569e-06,-0.4674673100440576,-10.901337670227424,-0.31388416617238735
192,-0.6220745093091805,-0.21580771455785633,1.403594964303826e-06,-3.029061962531162e-07,-0.21580741165123493,-13.293736557716072,-2.882540647741336
193,1.3753293401868132,-0.3414939644381204,0.08475509286314371,-0.026490256124995712,-0.3125506117699644,-3.488064827352803,4.027389890915704
194,0.23071310793332248,-0.8302764567578043,0.9451719410525632,-0.043026539132896474,-0.04552244651378586,0.1474927267046662,0.27787504517982814
195,1.4718373196205956,-0.33633286972700727,0.1109664127782011,-0.033180202205725984,-0.29901121767400324,-3.190449692581615,4.376132849623791
196,-2.964308208672071,-0.19182534652522665,0.00028568370443776534,-5.4785719740394974e-05,-0.19177054514962627,-5.421353311379935,-15.453162276874812
197,-0.14673331913139864,-0.4674760148647055,9.370430260740227e-07,-4.3804472911870534e-07,-0.4674755768195659,-13.940121700759455,-0.31388416617238735
198,0.09218715473404371,-0.8129175841305236,7.70937143126798e-12,-6.267083599022929e-12,-0.8129175841242565,-25.932070933563782,0.11340283016838022
199,-0.24324129856518112,-0.4726371095758187,0.0001391178404759176,-6.574310670138283e-05,-0.4725713573218058,-8.794552959758805,-0.5146470593125554
200,0.1431293557166896,-0.45263552394413387,0.7369304107638964,-0.087749724367258,-0.11907464135765182,0.23100480423384454,0.3162132624269129
201,-1.5253349894515065,-0.9240591436365371,0.000250425928039897,-0.0002313504179534672,-0.9238277352679282,-6.762419022161234,-1.6506897853407
202,-1.46657895402599,-0.045841710466956676,0.13847239502014536,-0.005468814786921615,-0.039493899026777114,-0.3116068633212714,-31.99223892579488
203,0.460537750831191,-0.8154359658372325,0.9858072851752352,-0.01140899428242169,-0.011573250120984499,0.05393134556378777,0.5647748813217272
204,-1.5253349894515065,-0.9240591436365371,0.0029382508748956745,-0.0027071398906192345,-0.9213440260492917,-4.284249721129207,-1.6506897853407
205,-1.8544042639610323,-0.9768043519164302,2.533819354292841e-19,-2.475045772243326e-19,-0.9768043519164302,-41.12346321568172,-1.8984398055995604
206,2.1290020959993874,-0.34401234614482934,0.029653574156241216,-0.009898693706355162,-0.3338111505277611,-5.531250764245002,6.188737467878774
207,1.595111203527753,-0.3742375870863287,0.99914435816009,-0.00031993934964871427,-0.0003202133375780433,0.004726348862651919,4.262295553866412
208,-1.8544042639610323,-0.9768043519164302,7.3367440759196814e-09,-7.16656348967619e-09,-0.9768043447498667,-16.93778733796269,-1.8984398055995604
209,0.00340857584188535,-0.798077093209952,3.0134295002003053e-05,-2.4048765846686565e-05,-0.7980530437193909,-10.438533811849632,0.004270985686577835
210,-1.46657895402599,-0.045841710466956676,0.09521948748889582,-0.003949388811336138,-0.04147668629067871,-0.7569495248048863,-31.99223892579488
211,1.0413890843260643,-0.04730411116119254,0.6223987915714153,-0.011117342943457845,-0.017862089538106404,-0.1982691938729811,22.014769092213733
212,-1.068731312504051,-0.231192464578784,0.14590960144518103,-0.028811202543264167,-0.19745926421496449,-0.6022507558556417,-4.622690944755497
213,-1.068731312504051,-0.231192464578784,0.00014042723216350976,-3.246115882695431e-05,-0.23115999886088615,-7.861751561258736,-4.622690944755497
214,1.9241804780372789,-0.32149237880643555,0.03456165330116262,-0.010727282955780338,-0.3103810706711615,-5.105768612540606,5.985151141625635
215,-0.5348404200324167,-0.20096722363728464,0.16712984290631336,-0.027974126775411907,-0.1673796031214673,-0.9021760608247087,-2.6613315860785467
216,-1.068731312504051,-0.231192464578784,0.1383574388768694,-0.027561530593307768,-0.1992052672920321,-0.6613614874095466,-4.622690944755497
217,-1.3205133714893982,-0.9465791109749309,0.029280767837015182,-0.02690500093588251,-0.9188625477871057,-2.122572485388214,-1.3950375158071395
218,1.595111203527753,-0.3742375870863287,4.84080497966004e-05,-1.8115234785794795e-05,-0.3742194709745773,-11.68687407853605,4.262295553866412
219,-0.07335314164044315,-0.8456612067787319,0.3161939139640932,-0.18284491074911474,-0.5782682799197663,-0.4741799895342083,-0.08674057773071774
220,-0.5348404200324167,-0.20096722363728464,0.061166539208909035,-0.011540581742735532,-0.18867475407296908,-2.0791957898841193,-2.6613315860785467
221,-0.9919695950217224,-0.18360835101000403,0.049577041381405736,-0.008651470965489117,-0.17450559219400938,-1.8654647805539604,-5.40263876651054
222,0.7890815272988669,-0.05246520587230574,0.9996171898995905,-2.007652228925835e-05,-2.0084210727983775e-05,0.0028017473965537363,15.040092079680395
223,-1.3205133714893982,-0.9465791109749309,1.2053725353931835e-09,-1.1409804615707714e-09,-0.9465791098339503,-19.28181646731757,-1.3950375158071395
224,-2.7905009013572735,-0.19434372823193558,0.0009563528259031239,-0.0001856834248324751,-0.19415786705824442,-4.238466237881475,-14.358584795836617
225,-3.2476300763465793,-0.17698485560465496,0.011463739857602882,-0.0020056494659436634,-0.17495594726126779,-1.1914500008492335,-18.349762555961664
226,-1.5433406715083184,-0.09342582403573665,0.02767154477098171,-0.002513699374707812,-0.09084058716316591,-2.0529972698875496,-16.519422626852823
227,-2.7905009013572735,-0.19434372823193558,0.0023219232598267335,-0.00045020345227250676,-0.1938924770089524,-3.3252559807035333,-14.358584795836617
228,-1.5253349894515065,-0.9240591436365371,2.887456776083323e-05,-2.6681037932267303e-05,-0.9240324618281791,-8.92615358126021,-1.6506897853407
229,1.595111203527753,-0.3742375870863287,9.24297159297243e-05,-3.45874766584557e-05,-0.3742029964124641,-11.031504334239441,4.262295553866412
230,0.25571613286908274,-0.7929159984988388,0.0007644921297792352,-0.0006057146220872536,-0.7923098204584104,-7.423943017695304,0.3225009122696586
231,0.3479509736787979,-0.47515549128252765,0.1360326810746261,-0.05584397515519773,-0.4105188158760343,-1.9294384346173614,0.732288650899556
232,1.9241804780372789,-0.32149237880643555,0.11832888431977748,-0.03354038666743942,-0.28345054430495875,-3.492110705837092,5.985151141625635
233,-1.46657895402599,-0.045841710466956676,0.16844614666772956,-0.006421142009489565,-0.038119850982140095,-0.08500726769017242,-31.99223892579488
234,-1.068731312504051,-0.231192464578784,0.8756929550114283,-0.02516641031506918,-0.028738852095413672,0.378203293575644,-4.622690944755497
235,0.1431293557166896,-0.45263552394413387,7.195540016951836e-08,-3.25695679127833e-08,-0.4526354913745636,-16.652459727670195,0.3162132624269129
236,-0.07335314164044315,-0.8456612067787319,7.014308659602656e-12,-5.9317287257564844e-12,-0.8456612067728002,-25.725013910028583,-0.08674057773071774
237,0.00340857584188535,-0.798077093209952,1.1281260181376031e-11,-9.00331533319619e-12,-0.7980770932009487,-25.307024625402082,0.004270985686577835
238,-1.7776425464787038,-0.9292202383476503,1.6188213968437038e-11,-1.5042416041930318e-11,-0.9292202383326079,-23.13758393448194,-1.9130475996086003
239,1.595111203527753,-0.3742375870863287,0.00057781508956655,-0.00021611517809431877,-0.37402134696142725,-9.171003427494197,4.262295553866412
240,2.1290020959993874,-0.34401234614482934,0.6421912446567841,-0.07904772449790569,-0.12309062939678093,-0.5649859889312244,6.188737467878774
241,-0.9919695950217224,-0.18360835101000403,0.04657700270974957,-0.008153603551191572,-0.17505642434747842,-1.9343734890396365,-5.40263876651054
242,-3.2476300763465793,-0.17698485560465496,0.01719880977153645,-0.0029915769104975013,-0.17394092674066766,-0.768818896193751,-18.349762555961664
243,-0.18593991879283628,-0.505380732224027,0.11403425308112901,-0.05105883885866108,-0.447750017903266,-1.6790625671372477,-0.3679204744798465
244,-0.07335314164044315,-0.8456612067787319,0.0005412670094748176,-0.00045748075907891964,-0.8452034782663099,-7.4715987478741805,-0.08674057773071774
245,-1.8544042639610323,-0.9768043519164302,8.599881704009418e-08,-8.400401152018262e-08,-0.9768042679124115,-14.466471207782815,-1.8984398055995604
246,-0.18593991879283628,-0.505380732224027,0.16807007994054535,-0.07066361166762763,-0.42044135215872347,-1.1982578536523618,-0.3679204744798465
247,-1.8544042639610323,-0.9768043519164302,1.5422249426537823e-13,-1.5064520356180493e-13,-0.9768043519162796,-27.751011637941502,-1.8984398055995604
248,0.1431293557166896,-0.45263552394413387,0.16166437987411703,-0.06134524361543006,-0.3794604826567094,-1.5140473258002707,0.3162132624269129
249,-2.995322519319382,-0.17182376089354176,0.0073114457276285605,-0.0012470948787021007,-0.1705674807910516,-1.900121736012315,-17.432527979498822
250,0.460537750831191,-0.8154359658372325,0.00447143203314787,-0.0036298629129453298,-0.8117897993386071,-5.8611223512247435,0.5647748813217272
251,0.00340857584188535,-0.798077093209952,1.3223633826662924e-11,-1.0553479245916386e-11,-0.7980770931993986,-25.14740920671305,0.004270985686577835
252,-0.9919695950217224,-0.18360835101000403,0.005945880430357158,-0.0010852221043678376,-0.1825166377088835,-4.121225679466589,-5.40263876651054
253,1.6718729210100816,-0.32665347351754875,0.6748812808180169,-0.07167317416058722,-0.10620115892637129,-0.30904537247574043,5.118185038740339
254,2.1290020959993874,-0.34401234614482934,0.5667752746031854,-0.08446915705489585,-0.1490346541917076,-0.8226712911382259,6.188737467878774
255,0.7890815272988669,-0.05246520587230574,0.706220511851213,-0.01088511893026911,-0.015413201326786714,0.031597062719912763,15.040092079680395
256,-1.3205133714893982,-0.9465791109749309,0.09980435654165473,-0.08504393014744349,-0.8521063918883063,-0.7924589444561249,-1.3950375158071395
257,2.1290020959993874,-0.34401234614482934,0.5204179903423335,-0.08585966973978042,-0.16498213231118605,-1.0014415431288994,6.188737467878774
258,-0.10917820131050777,-0.457796618655247,3.098262437178662e-06,-1.418369672951861e-06,-0.4577952002811796,-12.690082951794297,-0.23848625538391455
259,-2.7905009013572735,-0.19434372823193558,0.07349893245408116,-0.013234193646346407,-0.18005967167774226,0.2592859272159488,-14.358584795836617
260,2.1290020959993874,-0.34401234614482934,0.15228693607965813,-0.044410488894905405,-0.29162375997685847,-3.312845913337112,6.188737467878774
261,1.595111203527753,-0.3742375870863287,0.7448520075970576,-0.07112291572696101,-0.09548596902679808,-0.1384546550888572,4.262295553866412
262,-0.9919695950217224,-0.18360835101000403,0.20371320682069816,-0.0297838700559038,-0.14620490502669573,-0.28656161385232365,-5.40263876651054
263,-1.46657895402599,-0.045841710466956676,0.1963177396942176,-0.007232771438602204,-0.036842169484366985,0.08657909828826241,-31.99223892579488
264,-3.2476300763465793,-0.17698485560465496,0.04047268210578051,-0.006873143880079786,-0.1698218038062303,0.1171770446262989,-18.349762555961664
265,-3.324391793828908,-0.22456896917343494,0.005049207073750171,-0.0011281699558907212,-0.22343507394573967,-1.972931702940881,-14.803433466631247
266,1.9241804780372789,-0.32149237880643555,0.9893204349973166,-0.003396731552121602,-0.0034333987573306472,0.027844863921951544,5.985151141625635
267,-1.068731312504051,-0.231192464578784,0.3333115721452959,-0.0513744261226839,-0.15413334074188387,0.2512373454092707,-4.622690944755497
268,-3.324391793828908,-0.22456896917343494,0.0037266381097468015,-0.0008337685027615826,-0.22373208189464666,-2.286541876963289,-14.803433466631247
269,-1.3205133714893982,-0.9465791109749309,0.0013398166931259613,-0.0012665432817838182,-0.9453108684806822,-5.3031939721766275,-1.3950375158071395
270,-1.8544042639610323,-0.9768043519164302,0.016492541435426684,-0.015844291632562808,-0.9606943656681434,-2.1999900973800486,-1.8984398055995604
271,-3.324391793828908,-0.22456896917343494,0.034694778723236515,-0.007521050811413261,-0.21677759847985728,0.019509983863187155,-14.803433466631247
272,-2.995322519319382,-0.17182376089354176,0.007887502674450562,-0.00134457075376076,-0.1704685005199598,-1.8223082705583702,-17.432527979498822
273,-1.2142713969987926,-0.040680615755843474,0.15743376188225097,-0.005396217472385902,-0.034276113381714664,-0.38903388688246143,-29.848894232245524
274,0.7890815272988669,-0.05246520587230574,0.31897009367951606,-0.011396920818633067,-0.03573037424030128,-1.0758415683754716,15.040092079680395
275,-2.7905009013572735,-0.19434372823193558,0.0035345865516933556,-0.0006844967333081751,-0.19365680350372103,-2.891296076310555,-14.358584795836617
276,0.460537750831191,-0.8154359658372325,0.47621053158332893,-0.20339750460117062,-0.42711677107371876,-0.2904394043301288,0.5647748813217272
277,1.2462107022881725,-0.06982407849958636,0.6018755292146952,-0.016731341806212434,-0.027798674300719396,-0.33942181321178383,17.847864648805285
278,-1.2142713969987926,-0.040680615755843474,0.10024049519804715,-0.003669079859337193,-0.036602770687516245,-0.9066506299297775,-29.848894232245524
279,-0.9919695950217224,-0.18360835101000403,0.1376432413440059,-0.02179386683285415,-0.1583359024391591,-0.7204283560981739,-5.40263876651054
280,-0.5348404200324167,-0.20096722363728464,0.05132631828014105,-0.009785481449449749,-0.19065231595300108,-2.278295175638363,-2.6613315860785467
281,0.25571613286908274,-0.7929159984988388,2.5192801425683184e-05,-1.9975272051688158e-05,-0.7928960227235413,-10.846817590858047,0.3225009122696586
282,2.1290020959993874,-0.34401234614482934,0.5759340256440266,-0.08401951951845481,-0.14588393075839143,-0.7892320654028977,6.188737467878774
283,1.9241804780372789,-0.32149237880643555,0.0001931620269629047,-6.208812415841144e-05,-0.32143027868689217,-10.533270232569457,5.985151141625635
284,0.00340857584188535,-0.798077093209952,3.6753580980156696e-05,-2.933111301064008e-05,-0.7980477610188783,-10.238952773872208,0.004270985686577835
285,-1.7776425464787038,-0.9292202383476503,4.140753901730857e-09,-3.847672311573046e-09,-0.929220234499978,-17.571554634394584,-1.9130475996086003
286,0.00340857584188535,-0.798077093209952,0.9953821334761614,-0.0036683947445845934,-0.0036854134921766187,0.025023957611879245,0.004270985686577835
287,-1.46657895402599,-0.045841710466956676,0.12117822028393191,-0.004881869828881862,-0.04028669357779957,-0.46893711324558707,-31.99223892579488
288,-1.8544042639610323,-0.9768043519164302,0.0018569295433616061,-0.0018104886547686072,-0.9749904950572724,-4.436206752510589,-1.8984398055995604
289,-3.2476300763465793,-0.17698485560465496,0.053236690999010745,-0.008920487278217188,-0.16756276753532542,0.39544813138336793,-18.349762555961664
290,-0.10917820131050777,-0.457796618655247,1.655753311012165e-09,-7.579982658535405e-10,-0.45779661789724874,-20.294124071385035,-0.23848625538391455
291,-1.3205133714893982,-0.9465791109749309,0.0003383642862074315,-0.0003201801910121452,-0.9462588224097069,-6.690049874436628,-1.3950375158071395
292,0.7890815272988669,-0.05246520587230574,0.46238353889545736,-0.013042063299036063,-0.028206158312190283,-0.5122238349493755,15.040092079680395
293,-1.5433406715083184,-0.09342582403573665,0.22840244076961497,-0.016464878220487682,-0.07208713779506183,0.2854650656684449,-16.519422626852823
294,-2.995322519319382,-0.17182376089354176,0.20039711741990893,-0.027532715171136864,-0.1373907745062283,1.3230731584949786,-17.432527979498822
295,0.00340857584188535,-0.798077093209952,0.00015598613078691287,-0.00012446953928862774,-0.7979526042521126,-8.785458172815758,0.004270985686577835
296,-0.9919695950217224,-0.18360835101000403,0.09802788683205399,-0.01623436033831227,-0.16560961235577532,-1.1029600182894637,-5.40263876651054
297,-1.0094497790366843,-0.06320058309423729,0.11614534363478483,-0.0064878939540125415,-0.055860129652838326,-0.9552082170635355,-15.972159268396485
298,0.7890815272988669,-0.05246520587230574,0.5570410282886828,-0.012945596534313753,-0.02323993364381911,-0.2484348906524263,15.040092079680395
299,-0.18593991879283628,-0.505380732224027,0.1038305802050419,-0.04702557141756365,-0.4529067575727574,-1.7935107599881193,-0.3679204744798465
300,-0.017355484009033386,-0.45318531375622123,0.00037518850092929613,-0.00016996612524112993,-0.45301528383770984,-7.846224716069134,-0.03829666028932548
301,-0.938631589056754,-0.18415814082209142,0.008252059289089184,-0.0015071433750166495,-0.18263845692545908,-3.7824424429262575,-5.096878068309413
302,0.6487192447364281,-0.7934657883109262,0.7939101339879839,-0.1298243594877051,-0.16352525799811748,0.14063172187838102,0.8175768310280594
303,-0.06066851393883171,-0.5059305220361143,0.00030899530131887714,-0.00015628184881989366,-0.5057741918820113,-8.051925134761621,-0.11991471416800797
304,-1.0669053777441124,-0.04123040556793087,0.3673773032834891,-0.009582408872151588,-0.026083290357099873,0.3270844610780324,-25.876664637370308
305,1.8213787489748674,-0.322042168618523,0.11197663670689863,-0.03202318714905189,-0.28598096969882486,-3.4603697333557806,5.6557150785194
306,-1.1102184076739106,-0.09397561384782402,0.04102646934659509,-0.0036973105953414867,-0.09012012620696881,-1.9898523866498714,-11.81389897034035
307,0.31374359893545123,-0.7986268830220393,0.9980307447656869,-0.0015696031216132318,-0.0015727001696543288,0.01162225425374549,0.39285379143290494
308,-0.017355484009033386,-0.45318531375622123,0.0004542008180078843,-0.0002057436488197723,-0.452979476616004,-7.655353154810467,-0.03829666028932548
309,0.6487192447364281,-0.7934657883109262,0.9993210038252425,-0.0005383944189253662,-0.0005387602350640861,0.004487872758083838,0.8175768310280594
310,0.7043707643351332,-0.81598575564932,0.04923210115699795,-0.038194907166235206,-0.7758130623845232,-3.506675041978045,0.8632145346393097
311,1.8213787489748674,-0.322042168618523,0.8154781948275285,-0.04845881502543468,-0.05942380229514732,-0.066554658570565,5.6557150785194
312,-1.1900149882474726,-0.9246089334486245,3.25290296304441e-13,-3.0076631392713837e-13,-0.9246089334483237,-27.488623591418666,-1.2870468207666257
313,1.2907298093268287,-0.07037386831167375,0.49534709243328695,-0.017591943515420462,-0.03551437726020312,-0.6538196853603395,18.341038233260228
314,-1.5249906340484496,-0.9297700281597376,0.999993331396721,-6.200226111401565e-06,-6.2002674585254705e-06,8.965586745027831e-05,-1.6401804616855762
315,-0.35233112981001025,-0.45834640846733443,0.8360138894771008,-0.06283684781709555,-0.07516244479669823,0.32319851262580235,-0.7687005358854476
316,1.2907298093268287,-0.07037386831167375,0.14558519477828563,-0.008753815742589722,-0.0601284749862173,-2.559669180163271,18.341038233260228
317,-0.548004423657072,-0.20151701344937203,0.7629627776952307,-0.03644446826782695,-0.04776703311519199,0.3998100671741569,-2.719395321897967
318,-1.1343634686487678,-0.9471289007870183,7.793677871388582e-06,-7.3815600254669785e-06,-0.9471215191694629,-10.636174660273069,-1.1976864687648816
319,0.6487192447364281,-0.7934657883109262,0.0011650145664909798,-0.0009233222628595999,-0.7925413891095316,-7.386485746500837,0.8175768310280594
320,-0.017355484009033386,-0.45318531375622123,7.417567530492255e-06,-3.3615077342185165e-06,-0.4531819522235526,-11.755539840678955,-0.03829666028932548
321,-2.9489526406578115,-0.2251187589855223,0.0011438781687840296,-0.0002572138755116055,-0.224861250551735,-3.8271384843905296,-13.099542010390447
322,0.038296035589671665,-0.4757052810946151,3.0589026221134387e-07,-1.4551356865815557e-07,-0.4757051355810019,-15.075095746561951,0.0805037007399857
323,-1.0112538581454076,-0.06375037290632468,0.1425438296869176,-0.007791894830458138,-0.05466315060828805,-0.6832893826036006,-15.862712828854386
324,-3.24061525652899,-0.17753464541674235,0.009523103364904546,-0.001674580251338361,-0.17584396463758703,-1.3786166827586823,-18.253424557905387
325,-1.1900149882474726,-0.9246089334486245,6.283131097249387e-13,-5.809439142541991e-13,-0.9246089334480436,-26.832151248662225,-1.2870468207666257
326,-1.233328018177271,-0.9773541417285176,1.0561603160051874e-23,-1.0322426591769699e-23,-0.9773541417285176,-51.702034097438585,-1.2619049385681693
327,-1.1343634686487678,-0.9471289007870183,1.891824996061102e-12,-1.791802128997367e-12,-0.9471289007852265,-25.86609028044453,-1.1976864687648816
328,-0.35233112981001025,-0.45834640846733443,0.00131836740793518,-0.0006034723179564615,-0.45774213950086695,-6.29395441813692,-0.7687005358854476
329,-1.1343634686487678,-0.9471289007870183,0.9999971303639544,-2.7179074340682128e-06,-2.7179152334957353e-06,3.9844637323047486e-05,-1.1976864687648816
330,0.7043707643351332,-0.81598575564932,0.0007078806775150848,-0.0005772116631257357,-0.8154081350997683,-7.974691561275733,0.8632145346393097
331,1.2350782897281238,-0.047853900973279934,0.8254529392256351,-0.0068948084448480626,-0.00835275776147353,0.04794482955085807,25.809354401802093
332,0.31374359893545123,-0.7986268830220393,0.9999999999997047,-2.358499516617038e-13,-2.358499516617734e-13,8.426918772875163e-12,0.39285379143290494
333,0.038296035589671665,-0.4757052810946151,0.386270490421003,-0.11277335724409948,-0.291954368870337,-0.32114980575737073,0.0805037007399857
334,-1.4018810235450891,-0.04639150027904407,0.14144796088842487,-0.005633803985738038,-0.03982951716201849,-0.3481099799960416,-30.21848862642508
335,-3.24061525652899,-0.17753464541674235,0.02495878509667708,-0.004320455460875674,-0.17310359635457112,-0.39467619968842216,-18.253424557905387
336,-2.9489526406578115,-0.2251187589855223,1.747799942027469e-05,-3.934556769659026e-06,-0.22511482435998326,-8.045603822625802,-13.099542010390447
337,-1.1900149882474726,-0.9246089334486245,2.4553280554985225e-09,-2.2702182490868434e-09,-0.9246089311784063,-18.584639516685968,-1.2870468207666257
338,1.8213787489748674,-0.322042168618523,2.7377591985145934e-05,-8.816497713363922e-06,-0.32203335187942855,-12.282352040681404,5.6557150785194
339,-1.5249906340484496,-0.9297700281597376,1.0,-0.0,-0.0,0.0,-1.6401804616855762
340,-0.6469689731855754,-0.23174225439087137,0.03816707842171034,-0.00850733985860062,-0.22289732959391104,-2.4697024119005344,-2.791760936675605
341,-1.233328018177271,-0.9773541417285176,3.2029961962067474e-07,-3.130460595617693e-07,-0.9773538286823579,-13.731821292987128,-1.2619049385681693
342,-1.1343634686487678,-0.9471289007870183,1.1083696823037947e-07,-1.0497688425128409e-07,-0.9471287958101223,-14.888864670135124,-1.1976864687648816
343,0.9001026439271469,-0.053014995684393135,0.2703414496643566,-0.010457576366630146,-0.03868284489712469,-1.3480971446647954,16.978264966493704
344,-1.1343634686487678,-0.9471289007870183,0.0003680194797033502,-0.0003484336077159794,-0.9467803389017386,-6.778947226536449,-1.1976864687648816
345,-1.4018810235450891,-0.04639150027904407,0.08869954557115235,-0.0037499147901574126,-0.04227659528592887,-0.8658246714558233,-30.21848862642508
346,-0.6469689731855754,-0.23174225439087137,0.05307891706097808,-0.011647723892217196,-0.21944162649053423,-2.1066396143091284,-2.791760936675605
347,-0.548004423657072,-0.20151701344937203,0.03516906892435216,-0.0068379167152029015,-0.19442984771394148,-2.648134525863883,-2.719395321897967
348,-2.9056396107280134,-0.17237355070562915,0.011795806192566026,-0.0020093007610909822,-0.1703402657087811,-1.470036493066781,-16.8566441825528
349,1.2350782897281238,-0.047853900973279934,0.7187499270682428,-0.009673592836933238,-0.013458913138804068,-0.08061888970143637,25.809354401802093
350,-3.24061525652899,-0.17753464541674235,0.0010551928032217805,-0.0001871356074372418,-0.1773473121365761,-3.6143382213434205,-18.253424557905387
351,1.2907298093268287,-0.07037386831167375,0.6798902279376556,-0.015316133927099233,-0.022527362944395325,-0.1748123364485077,18.341038233260228
352,1.2907298093268287,-0.07037386831167375,0.7087919439344218,-0.014525583324746672,-0.020493437388857505,-0.12050141184648214,18.341038233260228
353,-3.24061525652899,-0.17753464541674235,0.008427868235608154,-0.0014836284970677685,-0.17603840681791463,-1.5033679942249907,-18.253424557905387
354,-1.0112538581454076,-0.06375037290632468,0.3217658761250507,-0.013912409444581943,-0.04323767831482243,0.18505726318743998,-15.862712828854386
355,0.7043707643351332,-0.81598575564932,5.8627346059421794e-08,-4.783907647133322e-08,-0.8159857078102407,-17.380495576358125,0.8632145346393097
356,-0.6469689731855754,-0.23174225439087137,0.013660396123368184,-0.0031224464005262507,-0.2285765633973697,-3.5635086233649935,-2.791760936675605
357,-1.233328018177271,-0.9773541417285176,2.8686477227246677e-08,-2.803684652537196e-08,-0.9773541136916704,-16.145889958186395,-1.2619049385681693
358,-1.233328018177271,-0.9773541417285176,2.173057411344373e-06,-2.123842045950546e-06,-0.9773520178818564,-11.816185896191644,-1.2619049385681693
359,1.778065719045069,-0.3747873768984161,0.6492994521506624,-0.0853427112582582,-0.1314381384052907,-0.4192876615128773,4.744198520664166
360,1.1917652597983255,-0.10059910925317309,0.1316233423843861,-0.011498341184120017,-0.08735791825237842,-2.6504392397771612,11.846678053570688
361,-1.1900149882474726,-0.9246089334486245,1.2023536565295107e-06,-1.11170559532691e-06,-0.9246078217416925,-12.408236967773513,-1.2870468207666257
362,-2.8499880911293083,-0.19489351804402297,0.1300727961901777,-0.02205295461212955,-0.16954317319269605,0.8443250024996264,-14.623308767434466
363,1.8213787489748674,-0.322042168618523,0.02072353960423573,-0.006535547765469694,-0.31536831498292306,-5.553636026849275,5.6557150785194
364,-1.1900149882474726,-0.9246089334486245,0.003029614352818408,-0.0027927219140568087,-0.9218077249531044,-4.581384393016928,-1.2870468207666257
365,1.8770302685735722,-0.34456213595691676,0.038182665706507454,-0.012653958214983104,-0.3314058351045536,-4.951203176462031,5.447581358179971
366,1.778065719045069,-0.3747873768984161,0.9776885987601359,-0.008175462904622073,-0.008362031545616728,0.04415152656085633,4.744198520664166
367,1.8770302685735722,-0.34456213595691676,0.09245142399194033,-0.028910195962923737,-0.31270687583399526,-3.8150238851747424,5.447581358179971
368,0.7043707643351332,-0.81598575564932,0.0035799430262309015,-0.0029107248484660365,-0.8130645731338795,-6.3337730247129205,0.8632145346393097
369,-3.24061525652899,-0.17753464541674235,0.3153618230061544,-0.03833128223675933,-0.12154699599136728,1.7174590533580196,-18.253424557905387
370,-2.9489526406578115,-0.2251187589855223,0.017875526708066206,-0.003952183188749269,-0.22109464259678988,-1.025879141649105,-13.099542010390447
371,1.1917652597983255,-0.10059910925317309,0.7563512655838349,-0.018538809130122996,-0.024510845652929145,-0.018873351152755444,11.846678053570688
372,0.9001026439271469,-0.053014995684393135,0.5273205606071687,-0.013214177837433862,-0.025059098439512317,-0.3693711109984116,16.978264966493704
373,1.8770302685735722,-0.34456213595691676,0.013576309226024725,-0.004614373731345818,-0.3398842538515861,-6.124714254405581,5.447581358179971
374,-3.24061525652899,-0.17753464541674235,0.09510877038111164,-0.015279180553237202,-0.16064954359110933,0.9221283802129676,-18.253424557905387
375,-1.5249906340484496,-0.9297700281597376,3.40848152434629e-11,-3.1691039627653774e-11,-0.9297700281280465,-22.58411398323025,-1.6401804616855762
376,-1.5249906340484496,-0.9297700281597376,0.002753339843968327,-0.002552924388973115,-0.927210055295478,-4.357887259888746,-1.6401804616855762
377,-0.06066851393883171,-0.5059305220361143,0.9999995108795378,-2.474608497632749e-07,-2.474609708014993e-07,7.144198227039286e-06,-0.11991471416800797
378,-2.9056396107280134,-0.17237355070562915,0.6841516220740499,-0.03724788686719917,-0.05444390638770948,1.159655206058212,-16.8566441825528
379,0.9001026439271469,-0.053014995684393135,0.5366003638448685,-0.013182730741500342,-0.024567129710913644,-0.34541384373544587,16.978264966493704
380,-0.548004423657072,-0.20151701344937203,0.02641008561394965,-0.005181524947749511,-0.1961949318715067,-2.9566576233036055,-2.719395321897967
381,-2.8499880911293083,-0.19489351804402297,0.007476937375738225,-0.0014463111866412884,-0.19343631141467052,-2.01947509116916,-14.623308767434466
382,0.7043707643351332,-0.81598575564932,0.0007373352500011451,-0.0006012114396541452,-0.8153841005881809,-7.933687298723,0.8632145346393097
383,-1.1900149882474726,-0.9246089334486245,0.05576614632119162,-0.0486864698911523,-0.8730470563760476,-1.5452932897856044,-1.2870468207666257
384,-1.1343634686487678,-0.9471289007870183,0.00017252735968224876,-0.0001633774565864365,-0.9469654951384868,-7.537845341302355,-1.1976864687648816
385,-0.6469689731855754,-0.23174225439087137,0.0014174455575681917,-0.00032801642359444954,-0.2314137723618842,-5.866339129373765,-2.791760936675605
386,0.9001026439271469,-0.053014995684393135,0.5260907952235608,-0.013217660044536032,-0.025124294446017104,-0.3725932866344337,16.978264966493704
387,1.1917652597983255,-0.10059910925317309,0.7899707940135565,-0.01669109623509964,-0.02112875103938742,0.023452913653720042,11.846678053570688
388,0.7043707643351332,-0.81598575564932,1.46695417859518e-09,-1.197013712167951e-09,-0.8159857544523063,-21.068752179958544,0.8632145346393097
389,-1.233328018177271,-0.9773541417285176,4.508595690501685e-07,-4.406492684780879e-07,-0.9773537010790505,-13.389745704782992,-1.2619049385681693
390,-1.0669053777441124,-0.04123040556793087,0.6159458189146628,-0.009753323200309508,-0.015834709646208017,0.5771751666042821,-25.876664637370308
391,-0.938631589056754,-0.18415814082209142,0.055953686612897756,-0.009727761820722389,-0.17385381392331822,-1.766354749460913,-5.096878068309413
392,-0.6469689731855754,-0.23174225439087137,0.36051873875210855,-0.05342701288475733,-0.14819482912230414,0.042976500445468205,-2.791760936675605
393,1.2350782897281238,-0.047853900973279934,0.6842807003756582,-0.010338386601693905,-0.015108400099576548,-0.13793969290913388,25.809354401802093
394,-0.06066851393883171,-0.5059305220361143,0.0001971796897566023,-9.973955288076172e-05,-0.5058307628127409,-8.503015122882173,-0.11991471416800797
395,-1.233328018177271,-0.9773541417285176,5.220085991401786e-07,-5.101870000654148e-07,-0.9773536315412513,-13.243141707383955,-1.2619049385681693
396,0.7043707643351332,-0.81598575564932,1.0294494598880876e-07,-8.40016008954154e-08,-0.8159856716477104,-16.81746469265931,0.8632145346393097
397,-0.017355484009033386,-0.45318531375622123,0.02149736738322269,-0.00953285756979403,-0.4434430225737227,-3.716052529167796,-0.03829666028932548
398,0.6487192447364283,-0.7934657883109262,1.6060215620087265e-07,-1.2743229600845512e-07,-0.7934656608786097,-16.25811139140271,0.8175768310280597
399,-2.9056396107280134,-0.17237355070562915,0.037831259763573086,-0.006274406820738151,-0.16585244213251507,-0.2935588225745517,-16.8566441825528
400,-2.840379895014047,-0.20197329451772073,0.1305836985033473,-0.022930350514053757,-0.1755988747206909,0.8709704186146269,-14.063145832207226
401,-0.9136725112352005,-0.213757884634183,0.009622613654587218,-0.0020371166936359432,-0.21170097509472643,-3.717469122663396,-4.27433361253001
402,0.13346103539841903,-0.4827850575683128,0.07235311138511218,-0.032403634435883295,-0.4478540565230049,-2.4990256353983673,0.2764398634676771
403,0.20610826448243735,-0.535530265848206,1.5115522830686824e-05,-8.094697602516425e-06,-0.535522171028246,-11.438753573163334,0.38486763050822226
404,-0.00575199113108138,-0.5053050249067066,0.09203245976841182,-0.0422245441288128,-0.45880056053120377,-2.082954544811665,-0.011383205880731858
405,2.004729711993174,-0.3516419124306145,0.0019782345414982817,-0.0006942540577636971,-0.35094628225320573,-8.268294409885527,5.701054513485348
406,-1.2218989569968852,-0.07599124409113564,0.1707661836292985,-0.010760747274707546,-0.06301450934844993,-0.2772638411331797,-16.079470360183503
407,0.42604218067678123,-0.8230655321230178,6.634583607976201e-27,-5.460697087713583e-27,-0.8230655321230178,-60.85746544517593,0.5176285047168075
408,0.17325444209918747,-0.828226626834131,0.9385130991771888,-0.04779386259924663,-0.05092508846296164,0.15888627600444033,0.2091872399242305
409,-1.6980142344955678,-0.9593697719718293,1.1002940804076868e-05,-1.0555772664407048e-05,-0.9593592160830191,-9.756683227564304,-1.7699267624469492
410,2.0773769410771923,-0.40438712071050764,0.6586204968513424,-0.09092221338506035,-0.13804947434786932,-0.4942171181653722,5.137099661896363
411,-1.5844395224474743,-0.9767286445991099,8.626974352893701e-07,-8.426205697420832e-07,-0.9767278019778133,-12.423977641157785,-1.6221900844300459
412,-2.979592921543547,-0.22449326185611454,0.01216465582108116,-0.0026976630096296884,-0.22176237859148307,-1.388232489982684,-13.272527188157971
413,-3.0931676335916407,-0.20713438922883393,0.0018054796716150848,-0.0003733017213020223,-0.20676041229978886,-3.264746910213666,-14.933143864268867
414,-0.9136725112352005,-0.213757884634183,0.0005828640942528622,-0.00012451917573249083,-0.21363329283836627,-6.599132415777134,-4.27433361253001
415,0.28682915414728083,-0.8455854994614116,1.596369055350485e-09,-1.3498665228383967e-09,-0.845585498111545,-20.640742008902816,0.3392077493405152
416,0.28682915414728083,-0.8455854994614116,0.03720692577713767,-0.030291046127098285,-0.8141238625447269,-3.4111789840624063,0.3392077493405152
417,-1.445226495917974,-0.9542086772607161,4.785788758089685e-07,-4.5666389750079713e-07,-0.9542082205966,-13.129905115409215,-1.5145811711405117
418,-0.5882375435735885,-0.26134199820296294,0.9367221261560946,-0.015490729288998348,-0.016537165992401234,0.20969126478364766,-2.250834338217436
419,2.004729711993174,-0.3516419124306145,0.5939329690037245,-0.0848077999200871,-0.14279018735455193,-0.6611185674515754,5.701054513485348
420,-0.11932670317917474,-0.487946152279426,0.003227551057822872,-0.001569788143000932,-0.4863712811594759,-5.646770574261515,-0.24454891717404384
421,-1.5844395224474743,-0.9767286445991099,1.7083233383497937e-11,-1.668568338774916e-11,-0.9767286445824243,-23.30474545973664,-1.6221900844300459
422,0.42604218067678123,-0.8230655321230178,6.566437835238488e-05,-5.404253760745976e-05,-0.8230114860365076,-10.073660589086852,0.5176285047168075
423,-1.5844395224474743,-0.9767286445991099,0.23866385049060035,-0.17747493216597773,-0.7436188253946212,0.33462847142757957,-1.6221900844300459
424,-1.445226495917974,-0.9542086772607161,7.004176945767396e-07,-6.683441737516576e-07,-0.9542080089160742,-12.748218999118752,-1.5145811711405117
425,-0.6608847726576068,-0.2085967899230698,0.4798660110735271,-0.05206463703345539,-0.10849828041994378,0.3059651507842414,-3.1682403784897177
426,-1.2218989569968852,-0.07599124409113564,0.1940431970798704,-0.011884303700369964,-0.06124566013761487,-0.13229062589724813,-16.079470360183503
427,0.49868940976079956,-0.875810740402911,0.0003382598144023457,-0.0002961513684963097,-0.8755144888244106,-8.545021410926248,0.5694031675512232
428,-0.00575199113108138,-0.5053050249067066,0.8667098065430668,-0.05837481615374377,-0.06735220452457535,0.2545913331028948,-0.011383205880731858
429,-1.5844395224474743,-0.9767286445991099,0.3354434368123115,-0.21773346049444717,-0.6490914312217537,0.6101459453484486,-1.6221900844300459
430,0.13346103539841903,-0.4827850575683128,1.2441265778251446e-05,-6.0063824870452065e-06,-0.4827790511110978,-11.485313625933015,0.2764398634676771
431,-2.840379895014047,-0.20197329451772073,0.013023090739543478,-0.002596061690475546,-0.19934297797625192,-1.451216879667114,-14.063145832207226
432,1.0711708774076478,-0.09997361212376532,0.17807482738587044,-0.014632556083783832,-0.08217082840168385,-2.177526952644622,10.714536112604993
433,1.2830311330211668,-0.13019885306526466,0.2954060378401191,-0.027099759921834263,-0.09173732574992698,-1.5567824179762608,9.854396585029999
434,0.42604218067678123,-0.8230655321230178,0.06043015556678163,-0.04673230439079811,-0.773327553975168,-2.9773110828043965,0.5176285047168075
435,1.0711708774076478,-0.09997361212376532,0.7545245272678653,-0.01851683901164112,-0.02454106969682036,0.017914980878678863,10.714536112604993
436,-0.9136725112352005,-0.213757884634183,0.9995119705961327,-0.00010426922171762564,-0.00010432013300994983,0.004228094990893267,-4.27433361253001
437,-0.9136725112352005,-0.213757884634183,0.004047840000753396,-0.0008617552911053004,-0.2128926269182843,-4.617641077857587,-4.27433361253001
438,1.8655166854636738,-0.37416187976900833,0.8363514347347902,-0.05121068053325142,-0.06123105480113213,-0.03612632233266795,4.985854482598186
439,-2.7677326659300285,-0.2547185027976139,0.030660488481055896,-0.007570341630517801,-0.24690870907667584,-0.6567771661439578,-10.865848517212452
440,-1.2218989569968852,-0.07599124409113564,0.09013673514408908,-0.006232201822736197,-0.06914164144922312,-1.0295190411789323,-16.079470360183503
441,1.2830311330211668,-0.13019885306526466,0.4348675682839907,-0.03199737930918778,-0.07357959443940841,-0.8969352562163886,9.854396585029999
442,-0.00575199113108138,-0.5053050249067066,3.82464515103512e-05,-1.932538497736162e-05,-0.5052856987825736,-10.257299685286242,-0.011383205880731858
443,-3.0931676335916407,-0.20713438922883393,0.0035063674137229967,-0.0007237426356148305,-0.20640809995618054,-2.575973087453133,-14.933143864268867
444,2.004729711993174,-0.3516419124306145,0.8080327500026472,-0.05454522532516304,-0.06750373091311503,-0.10800596946098404,5.701054513485348
445,-0.9136725112352005,-0.213757884634183,0.11017327570493092,-0.02095578094527207,-0.19020747827627832,-1.0461411305195307,-4.27433361253001
446,0.13346103539841903,-0.4827850575683128,0.4316261875592953,-0.11843925475929873,-0.27440238375950704,-0.23049800235798593,0.2764398634676771
447,2.0773769410771923,-0.40438712071050764,0.0002491810845478697,-0.00010074051242902997,-0.4042863550891918,-10.531659550073448,5.137099661896363
448,1.2830311330211668,-0.13019885306526466,0.0007762158146618908,-0.00010098396256011976,-0.13009779065646457,-8.650202100748327,9.854396585029999
449,-1.2218989569968852,-0.07599124409113564,0.06385407723613118,-0.004542508388654849,-0.07113889332167057,-1.4398512008306121,-16.079470360183503
450,-1.2218989569968852,-0.07599124409113564,0.09644834903941538,-0.0066223378975278835,-0.06866201405709438,-0.9489090342690444,-16.079470360183503
451,-1.108324244948792,-0.09335011671841625,0.03294906133750276,-0.0029744540408777305,-0.09027431799679811,-2.2911621907587363,-11.872767639830279
452,-1.2218989569968852,-0.07599124409113564,0.0922760122251682,-0.006365113979273188,-0.06897907512237626,-1.0015761707769033,-16.079470360183503
453,1.2103839039371485,-0.0774536447853715,0.6431712628925668,-0.01777576557085534,-0.027637686253131847,-0.21750859081214763,15.62720395265054
454,2.004729711993174,-0.3516419124306145,0.27145322215166195,-0.06954294467911064,-0.2561875822577517,-2.1904038283037766,5.701054513485348
455,-3.0931676335916407,-0.20713438922883393,0.061198262329565316,-0.011900499317673412,-0.19445812453933348,0.3966945740602403,-14.933143864268867
456,-2.840379895014047,-0.20197329451772073,0.0002445427419684283,-4.937902500994379e-05,-0.20192390341447497,-5.522618758385891,-14.063145832207226
457,-0.6608847726576068,-0.2085967899230698,0.0024243749255407703,-0.0005044907798428916,-0.208091073096032,-5.335455114182261,-3.1682403784897177
458,-0.6608847726576068,-0.2085967899230698,0.04761104326525486,-0.00945866120010754,-0.19866527913304924,-2.215117862333499,-3.1682403784897177
459,-0.6608847726576068,-0.2085967899230698,0.0463036436409911,-0.009211554189094954,-0.19893799849781726,-2.2460100030403565,-3.1682403784897177
460,2.004729711993174,-0.3516419124306145,0.4469986955921216,-0.08692266735448273,-0.19445843625861078,-1.230921901517006,5.701054513485348
461,-0.6608847726576068,-0.2085967899230698,0.07664677896808503,-0.014762822496735085,-0.1926085178723842,-1.6795462758471904,-3.1682403784897177
462,0.42604218067678123,-0.8230655321230178,0.9984213678217791,-0.0012972665890095636,-0.0012993177337938637,0.009549985343384897,0.5176285047168075
463,-2.979592921543547,-0.22449326185611454,0.001362324851525425,-0.00030541610607136293,-0.22418742910648795,-3.6587388430178835,-13.272527188157971
464,0.42604218067678123,-0.8230655321230178,0.04156898615140501,-0.03279175842653599,-0.7888515324164973,-3.4157271353634333,0.5176285047168075
465,2.004729711993174,-0.3516419124306145,0.11357257152711642,-0.03540114251681967,-0.3117050361791565,-3.618895470040007,5.701054513485348
466,0.28682915414728083,-0.8455854994614116,0.0030917428381884438,-0.0026062500669783903,-0.8429711665493758,-6.0609626874900115,0.3392077493405152
467,0.13346103539841903,-0.4827850575683128,0.0008300150088666583,-0.00040038624118353183,-0.4823843387244745,-7.255060454416096,0.2764398634676771
468,-2.7677326659300285,-0.2547185027976139,0.08999161910176524,-0.020859694849955913,-0.23179597231567908,0.4473662265692606,-10.865848517212452
469,0.20610826448243735,-0.535530265848206,0.006786178916601817,-0.0036095418393853377,-0.5318960616489047,-5.223219325392244,0.38486763050822226
470,-3.0931676335916407,-0.20713438922883393,0.010519874097209279,-0.0021561045988745834,-0.20495536153294427,-1.430588423499951,-14.933143864268867
471,-1.445226495917974,-0.9542086772607161,1.5859262644199308e-07,-1.5133043630062193e-07,-0.9542085259302557,-14.236791206879417,-1.5145811711405117
472,-1.108324244948792,-0.09335011671841625,0.19340643580621136,-0.014562654278086546,-0.07529560336181355,-0.23040454628714946,-11.872767639830279
473,-1.5844395224474743,-0.9767286445991099,0.009201062077720482,-0.008904251491007693,-0.9677417037070657,-3.0677412007513984,-1.6221900844300459
474,0.17325444209918747,-0.828226626834131,0.4919424224806347,-0.20700288446294837,-0.42078681366638393,-0.09678096714326831,0.2091872399242305
475,-0.8964639893352732,-0.12357535765991559,0.05893800067841737,-0.0068540222859923595,-0.11629207314631981,-1.8327630727860003,-7.254391217724641
476,-0.9136725112352005,-0.213757884634183,0.022746957805031626,-0.00475173810346111,-0.2088955430519164,-2.803378187756718,-4.27433361253001
477,-1.6980142344955678,-0.9593697719718293,1.6428868739859797e-05,-1.5761101115398874e-05,-0.9593540106117725,-9.353701603464781,-1.7699267624469492
478,1.0711708774076478,-0.09997361212376532,0.3842309975909307,-0.023653510501568574,-0.061560651404682205,-0.9628085879692297,10.714536112604993
479,0.49868940976079956,-0.875810740402911,6.120649769908047e-10,-5.36053080344908e-10,-0.8758107398668579,-21.851477959678103,0.5694031675512232
480,0.9575961653595546,-0.08261473949648471,0.5694413194368148,-0.020255308599434294,-0.035570493232677726,-0.29416797903424474,11.591105548426993
481,-0.8000977991871072,-0.2311167572614636,0.02168644709239443,-0.004903406658233904,-0.22610465593294712,-2.9597099461622776,-3.4618770558551595
482,-0.8000977991871072,-0.2311167572614636,0.003433628264647997,-0.0007908442091148218,-0.23032318823129685,-4.889761286150433,-3.4618770558551595
483,1.0711708774076478,-0.09997361212376532,0.08865944753459526,-0.008077762877055776,-0.09111000690483438,-3.1633394397358496,10.714536112604993
484,-1.6980142344955678,-0.9593697719718293,1.1094534332616051e-17,-1.0643760872815492e-17,-0.9593697719718293,-37.52095178181824,-1.7699267624469492
485,1.2830311330211668,-0.13019885306526466,0.9977822665078597,-0.0002881059946142554,-0.0002887463570810876,0.010960811714798086,9.854396585029999
486,0.49868940976079956,-0.875810740402911,1.7096141604060375e-09,-1.4972984410687102e-09,-0.8758107389056126,-20.81802126378641,0.5694031675512232
487,0.42604218067678123,-0.8230655321230178,0.00015418526491345442,-0.00012688501029568014,-0.8229386275459062,-9.216912628514148,0.5176285047168075
488,0.13346103539841903,-0.4827850575683128,0.0002805838202463926,-0.0001354236674558959,-0.4826495958925024,-8.349838008940292,0.2764398634676771
489,-2.979592921543547,-0.22449326185611454,0.00013604376004755622,-3.053675254836193e-05,-0.2244627209486663,-6.029068684681176,-13.272527188157971
490,-0.6608847726576068,-0.2085967899230698,0.010493625493199963,-0.002165966711705964,-0.20640785333053338,-3.8350579148813098,-3.1682403784897177
491,-1.3725792668339558,-1.0069538855406093,3.596401202115923e-08,-3.621410034193108e-08,-1.0069538493265076,-15.859523126892496,-1.3631004225154273
492,2.004729711993174,-0.3516419124306145,0.8036664676809708,-0.05548440864753329,-0.06903909877892128,-0.11598568594858774,5.701054513485348
493,2.0773769410771923,-0.40438712071050764,0.0003893025021811673,-0.0001573676304707677,-0.4042296917925652,-10.07744621638865,5.137099661896363
494,-1.3725792668339558,-1.0069538855406093,0.2474567266686922,-0.1875168608387551,-0.7577763731184092,0.1894440932796023,-1.3631004225154273
495,2.0773769410771923,-0.40438712071050764,0.952045577832092,-0.018462211324126045,-0.019392150705816465,0.044020182102203376,5.137099661896363
496,-1.5844395224474743,-0.9767286445991099,4.460381777372488e-06,-4.356563215785745e-06,-0.976724288016462,-10.773268896821577,-1.6221900844300459
497,0.49868940976079956,-0.875810740402911,0.004354846481248726,-0.00379741184375393,-0.8719967190818275,-5.947017624138064,0.5694031675512232
498,-1.2218989569968852,-0.07599124409113564,0.13293167421718316,-0.008758814946284483,-0.06588960078825436,-0.5686272548026352,-16.079470360183503
499,0.49868940976079956,-0.875810740402911,0.4695179000522822,-0.21813891817938835,-0.4646019207257017,-0.33451338292250526,0.5694031675512232
